baseMean	log2FoldChange	lfcSE	stat	pvalue	padj
AT1G01140	51.4289666251003	1.55646439103875	0.387768968808475	4.01389620170332	5.97246187030698e-05	0.00153316563231559
AT1G01380	81.3235720528327	1.69813972304331	0.332378146425513	5.1090594893364	3.23766409590437e-07	1.31794179780385e-05
AT1G01480	95.9314357152285	0.774233959090111	0.244097636617384	3.17182079195507	0.00151486456250796	0.0237843888049462
AT1G01490	1131.34829595335	0.533718445674159	0.119669910931641	4.45992180924272	8.19895594024582e-06	0.00026075895166821
AT1G01570	112.274884787077	0.916402028235648	0.276989851410054	3.30843178394652	0.000938200378992401	0.015953946122124
AT1G01580	19319.5178958587	5.8887623598291	0.102197849227718	57.6211965743794	0	0
AT1G01630	1136.41675980922	0.522012535286987	0.10409603698927	5.01472054446025	5.31106013921224e-07	2.08158018764739e-05
AT1G01790	609.417278933593	0.5348709564512	0.103679839219634	5.15887139174798	2.48442887166376e-07	1.03735974629509e-05
AT1G01800	1740.88322504648	0.545107495121818	0.0869427684244214	6.26972783361132	3.61679727666912e-10	2.16658486863196e-08
AT1G02360	698.412879204188	0.533560613652758	0.102503370623528	5.20529822977635	1.93685294481653e-07	8.23396798274221e-06
AT1G02500	19960.8362215244	1.97502193204582	0.105650495196572	18.6939202544306	5.54823002303737e-78	2.24980727434165e-75
AT1G02520	1258.22387923851	0.630701361033202	0.0760995270386373	8.2878486316082	1.15315201272682e-16	1.04357782576643e-14
AT1G03080	5779.74328597278	0.528521110039175	0.0523940595613041	10.0874243084901	6.27955951326425e-24	8.43380840106306e-22
AT1G03290	1274.02119807564	0.723342934537623	0.106371272557131	6.80017186171315	1.04494419129368e-11	7.15379649922678e-10
AT1G03470	318.369957736647	0.620532260552365	0.163967741576182	3.78447769413263	0.000154031720981251	0.00349237942861361
AT1G03905	335.627788316434	0.515767315141193	0.130679679965166	3.94680577178238	7.9200755215712e-05	0.00195782781298769
AT1G03950	427.810088190772	0.58460682985468	0.13053196303803	4.47864887839276	7.51169727500141e-06	0.000241083179209558
AT1G05200	183.663509863859	0.850295631435685	0.224505450370728	3.78741643034316	0.000152221858665462	0.00346251360498374
AT1G05530	254.624485512566	0.915807080066142	0.199831632932652	4.58289344197468	4.58585760160698e-06	0.00015485891119123
AT1G05680	170.201412994768	1.43001953420888	0.20263405132131	7.05715315310626	1.69948285184731e-12	1.22304762505298e-10
AT1G05700	523.868020729637	1.25836360407616	0.126258549536367	9.96656154135287	2.13492190682331e-23	2.77882489674545e-21
AT1G05843	22.5052856830092	2.54054356199838	0.586305951415891	4.33313623350255	1.47000080757117e-05	0.000440290298699512
AT1G06550	2576.11164720162	0.65241732077569	0.0669746088985603	9.7412636147505	2.01038725677958e-22	2.48306327423988e-20
AT1G07373	92.9223076628907	4.49797401509785	0.389104424969614	11.5598120361882	6.5852774826652e-31	1.25096541440972e-28
AT1G07560	273.693469418771	0.548609023075552	0.174250843022837	3.14838662217349	0.00164174396100556	0.0252684767604112
AT1G07610	9667.17171873241	1.00314512920407	0.0780328898455208	12.8554143155529	8.01950264410436e-38	1.7432910593153e-35
AT1G08320	1198.33241226082	0.950760399999862	0.09112305471921	10.4338073710278	1.73782237751584e-25	2.52715328636545e-23
AT1G08340	303.257470088083	0.538559472452631	0.158055583052261	3.40740555981852	0.000655835997561678	0.01189076340893
AT1G08440	53.8553306714791	2.24552504618645	0.385945215883232	5.81824817039795	5.94675669556012e-09	2.99268046975133e-07
AT1G08650	1660.32567833144	0.912948697386277	0.114876948485207	7.94718792085465	1.90792879141785e-15	1.62220106838051e-13
AT1G08990	500.895519545065	0.585874412911977	0.120257084384448	4.87184947074722	1.10558391876633e-06	4.11878842952418e-05
AT1G09170	271.822256573443	0.743323007194301	0.175234394148762	4.24187848969461	2.21656695938357e-05	0.000632446798982447
AT1G09505	94.2407096045839	5.85826013417898	0.550649446064753	10.6388196266161	1.96604126021631e-26	3.04823132447949e-24
AT1G09560	12021.0824661879	2.93573695495073	0.282805195404774	10.3807744788736	3.03304568158128e-25	4.35066675114442e-23
AT1G09605	74.2658240269925	1.56879262349772	0.308895356817958	5.07871869508954	3.79988851647125e-07	1.52909254309757e-05
AT1G09790	97.3486398330606	5.42199894428737	0.481654803629767	11.2570224638621	2.1386298751787e-29	3.75792912900151e-27
AT1G11100	395.194262685192	0.725925798140588	0.127825848822624	5.67902192574456	1.35467115922861e-08	6.59690440265461e-07
AT1G11920	25.2211925227007	2.41359270714976	0.622034407786001	3.88015948465042	0.000104387994356756	0.00248996068892145
AT1G12030	32.6622121925885	4.1000951268927	0.5946271436405	6.89523707543957	5.37750459782418e-12	3.74224626896768e-10
AT1G12040	980.346264728946	0.545414549059757	0.185209715005947	2.94484848725264	0.00323112846916679	0.0427093589155444
AT1G12420	675.660339160546	0.536482222200244	0.102630055299695	5.2273402818856	1.71965836812974e-07	7.4152794172564e-06
AT1G12560	389.268564439659	0.582578511537584	0.170373618330058	3.4194173795674	0.000627553867103706	0.0115266557854954
AT1G13245	199.242225536449	0.658069518217687	0.193740478609484	3.39665475661457	0.000682149723894592	0.0122938539128559
AT1G13609	39.7006362248236	8.63145550837663	1.23503017660856	6.98886203094964	2.77124774005498e-12	1.96089026331542e-10
AT1G14182	56.7317050531471	5.95089555593886	0.710060108062072	8.38083352151737	5.25541897942382e-17	4.83911635808431e-15
AT1G14185	622.560648185707	4.56453406839326	0.167161733387145	27.3060943788004	3.5906102653167e-164	3.7855804027234e-161
AT1G14200	358.09870322246	0.885509218443474	0.159541630072705	5.55033327690043	2.85125514090905e-08	1.32426356610591e-06
AT1G14540	128.940737813369	0.851497902852998	0.221218566426308	3.84912494737031	0.000118540533322796	0.0027803622754666
AT1G14860	628.745768992467	1.59301411887551	0.138910832536074	11.4678897951448	1.91266561994023e-30	3.60093457696962e-28
AT1G14870	2766.98957604229	0.57805476895565	0.0872631223959331	6.62427326784023	3.48960685366145e-11	2.26405692665555e-09
AT1G15670	1021.33968831759	1.08007737784179	0.109087009175349	9.90106325223053	4.11872623957123e-23	5.26348251439993e-21
AT1G16140	87.6154596917238	1.2969422850371	0.263114786812356	4.92918813400644	8.25720310023919e-07	3.13802725979219e-05
AT1G16150	267.091673403862	1.49832436630025	0.161434815995127	9.28129633663085	1.67428936751982e-20	1.84898125494824e-18
AT1G16160	187.424513210904	0.693562190008067	0.191694422951352	3.61806138817132	0.000296818002523983	0.00615441802091994
AT1G16540	314.792412026686	0.538652196179729	0.13666045613167	3.94153664803188	8.09612617591793e-05	0.00199341043136817
AT1G17170	1009.3427172697	0.595759764575802	0.120347304295888	4.95033742601375	7.40849216406778e-07	2.85064718561192e-05
AT1G17180	1535.19063817546	0.525037057375634	0.0732856021075449	7.16425931256121	7.82082420766925e-13	5.84786876747921e-11
AT1G18210	234.490953794153	0.69401644544375	0.23964220229132	2.89605269359056	0.00377888941419819	0.0481169457655694
AT1G18910	3470.64397775652	1.781100927732	0.0773350700367841	23.0309602989281	2.28275374142297e-117	1.5041920434889e-114
AT1G19850	951.145336653396	0.976347811538471	0.144517422036049	6.75591771416269	1.41933959157451e-11	9.51056343927425e-10
AT1G21450	877.985616003148	0.511703423850694	0.138412273801373	3.69695121535975	0.000218204254092853	0.00470937042149632
AT1G21860	16.9729018192102	6.42303009841561	1.31704179197449	4.87686126405017	1.0778718865008e-06	4.02978840403472e-05
AT1G22065	641.546516847896	0.709324736351892	0.131027962993158	5.41353708130938	6.17917906394421e-08	2.76046969793067e-06
AT1G22410	12180.6350489184	0.688510781177559	0.0660061083583265	10.4310161332319	1.78964095102142e-25	2.58468281460533e-23
AT1G22540	426.578339598631	0.52606732020338	0.134201662241922	3.9199761866962	8.85577186355874e-05	0.00215876075739884
AT1G22930	8390.36782099081	1.11814719951752	0.0716047395465412	15.615547331064	5.70534099988976e-55	1.69440592005177e-52
AT1G23020	2593.64744515495	3.57441996599156	0.0764567029614222	46.7509038127776	0	0
AT1G23140	169.09164537662	0.738945994744535	0.196931155315542	3.75230619837945	0.00017521527279045	0.00390136139605008
AT1G23995	17.5453559567518	4.26424143811271	0.93745007081546	4.54876645793346	5.39612871293345e-06	0.00017897047073997
AT1G24320	941.474093815654	1.21437512186501	0.108407851554352	11.2019111572944	3.99030949482177e-29	6.84062325266764e-27
AT1G25480	580.874383552667	1.05265709699386	0.108063500643906	9.74109750953386	2.01367646730067e-22	2.48306327423988e-20
AT1G27030	2194.35340097736	0.539841730193894	0.0746646179293851	7.23022155828154	4.82206692115163e-13	3.67068964257774e-11
AT1G27740	156.542713934104	0.678520494160974	0.225068696193856	3.01472619531484	0.00257211338464433	0.0357754504146506
AT1G28680	2357.80388306303	0.938511809417583	0.0969644917815278	9.67892258469377	3.7060082122177e-22	4.44005052061491e-20
AT1G29020	659.585704870445	0.860603370955249	0.136717255922404	6.29476773176091	3.07860485572274e-10	1.86538683872902e-08
AT1G29280	1517.25357258294	0.649278678448835	0.0780348929365882	8.32036354527256	8.7693918013722e-17	7.97031877257475e-15
AT1G29640	241.976780687768	0.949670280299609	0.21421393051945	4.43327974981245	9.28103141828245e-06	0.000292525902071605
AT1G31350	136.674575712487	0.689781704577995	0.207327340738292	3.32701756614291	0.000877808397765409	0.0150728565759621
AT1G32380	914.474951249091	1.47536638889571	0.097532729525312	15.1268850577263	1.07672662787201e-51	3.06808887504179e-49
AT1G32740	108.549136961115	1.26047593160296	0.251870631430576	5.00445774262643	5.60194986144996e-07	2.18745768108396e-05
AT1G32870	383.237793926637	0.71569338137124	0.13539110394463	5.28611821987898	1.24939167687402e-07	5.44311423524082e-06
AT1G33260	320.436718033533	1.02195170383035	0.150308217369179	6.79904080906161	1.05317984442786e-11	7.18684472479153e-10
AT1G34047	77.0374111162332	1.25187360269518	0.321376279941555	3.89535158886912	9.80563882478702e-05	0.0023629908601081
AT1G34760	728.953408301353	3.84550832712142	0.15890710020188	24.1997262692225	2.23953493408613e-129	1.8889133448056e-126
AT1G36180	503.476208804401	0.714359272414637	0.14032272739585	5.09083087017993	3.56497907585847e-07	1.44282435304322e-05
AT1G44050	362.840000102892	0.858669681492343	0.135986871625032	6.31435719662724	2.71286693151594e-10	1.6580728150129e-08
AT1G45145	235.310614809094	0.822872058824374	0.234299017274314	3.51205936925022	0.000444648657450811	0.00865250222036959
AT1G46768	60.8310623303307	1.07112279192334	0.320562857775061	3.34138146682902	0.000833626027335554	0.0144673567180226
AT1G47395	618.725569195678	3.85647694217362	0.160499771786191	24.0279278858477	1.42036624502157e-127	1.10925343120462e-124
AT1G47400	339.346661569793	4.04473154493807	0.206405676407183	19.5960286332383	1.67172851870765e-85	7.34376407197282e-83
AT1G47405	9.6468071702158	6.58872659639403	1.38766107509919	4.74808057574368	2.05356227374826e-06	7.32680441696376e-05
AT1G48300	4446.51585922691	1.1995609629548	0.0643099386027761	18.6528083997116	1.19815118749416e-77	4.76683319613242e-75
AT1G48850	3925.7199296793	0.6642760532672	0.0707694964418065	9.38647421086896	6.20423533481231e-21	7.10991881901372e-19
AT1G48930	688.455459264833	0.532233819472867	0.146565622337599	3.63136874107435	0.000281922034535074	0.00592682753759379
AT1G49000	150.577256045763	2.75044925457909	0.237236032515904	11.5937247196827	4.43421227032628e-31	8.49998181200909e-29
AT1G49710	344.909873458999	0.583011161383283	0.200419302464605	2.90895714242018	0.00362636568829561	0.0467107800265126
AT1G49820	1249.88127810939	1.88732598251193	0.100420855841896	18.7941634901357	8.42988094544119e-79	3.55504939231146e-76
AT1G51680	7650.02997636898	1.73122831818729	0.0827662443572733	20.9170819774566	3.74328895588085e-97	1.92514612009033e-94
AT1G51800	1152.2445694606	0.690526586096947	0.089021702179118	7.75683422349708	8.70756307322939e-15	7.25722035423379e-13
AT1G51830	225.616672375331	1.68016350321402	0.217399222375132	7.72847062127396	1.08846296002417e-14	8.9304785895213e-13
AT1G51860	1059.99675170194	1.03402986738599	0.106116776545094	9.74426382944816	1.95188429988237e-22	2.43535102646861e-20
AT1G51870	102.674001174359	1.9419176539168	0.316484597649161	6.13589940345063	8.46787308827083e-10	4.79982720266878e-08
AT1G51890	493.251939381811	0.509952410783116	0.11696959038419	4.35970074878575	1.30240426451193e-05	0.000397052048014298
AT1G52120	2019.26780421181	7.17879590524865	0.204106957930397	35.1717353393543	5.40992875845742e-271	8.77490444621793e-268
AT1G52130	208.839075974896	4.94039322215248	0.307498305049882	16.0664079802035	4.38786823595111e-58	1.40185741853432e-55
AT1G52760	2425.71949837624	0.648127653486779	0.124482806570595	5.20656363189581	1.92369747583729e-07	8.19456262131418e-06
AT1G53310	17452.774420027	1.30157503911229	0.0645835956645808	20.1533380995402	2.51565114480473e-90	1.17877822309672e-87
AT1G53635	196.522659119022	5.31973185450196	0.330725883857679	16.0850181801652	3.24956912267534e-58	1.05416022339588e-55
AT1G54575	247.303739014147	0.621534793222506	0.153133200554413	4.05878536445566	4.93286269387246e-05	0.00129371073088302
AT1G54950	46.2117751586524	1.90280344151113	0.364823248032683	5.21568581983753	1.83138362326114e-07	7.83297263287716e-06
AT1G56160	762.799942249974	10.0563388429257	0.736314054537913	13.6576760703512	1.81690050814816e-42	4.3535413766832e-40
AT1G56280	60.541561966605	1.09224730576317	0.371644064679995	2.93896071420823	0.0032931481320668	0.0433224268472381
AT1G56430	745.891115348645	2.3494847473443	0.10709493085373	21.93833759091	1.11918152185248e-106	6.37812474858958e-104
AT1G58080	2692.66999412171	0.751395106732245	0.0657899503650482	11.4211228700278	3.27968874557294e-30	5.96168249044405e-28
AT1G58643	144.111811240543	0.844865916143406	0.20102407890947	4.20280953767676	2.63622393831071e-05	0.000736257191565823
AT1G59312	144.111811240543	0.844865916143406	0.20102407890947	4.20280953767676	2.63622393831071e-05	0.000736257191565823
AT1G60610	620.156396983816	1.01356878373195	0.109264011147261	9.27632779622106	1.75420308095369e-20	1.92651698775987e-18
AT1G61560	425.742864848983	1.09434480009043	0.152073779783665	7.19614388257602	6.19392683799753e-13	4.69802666568402e-11
AT1G62320	335.18223417601	0.737457911029996	0.174710155974467	4.22103630390996	2.43181764190755e-05	0.000687363361893601
AT1G62422	136.728398578043	0.931921277636166	0.210242898961552	4.43259335863034	9.31063658055148e-06	0.000293021019309714
AT1G63090	565.679259227298	0.547384074827109	0.102696874166462	5.33009479859972	9.81615138131728e-08	4.33019598381708e-06
AT1G64400	418.789711540571	0.652745006149185	0.13543222936794	4.81971691077917	1.43762070188339e-06	5.2445796055213e-05
AT1G64480	39.4973633423506	1.36679699977132	0.377493651733645	3.62071519214768	0.000293789780207799	0.00612139457061427
AT1G64590	1128.42152078841	1.07452405404557	0.0941809049036599	11.409149818052	3.76390094686877e-30	6.78338592869017e-28
AT1G64980	1296.34293505717	0.531573895665344	0.0953845772296227	5.57295436122412	2.5045520029069e-08	1.17881659672533e-06
AT1G65690	275.389664555056	0.723173055662068	0.172044708070715	4.20340191669729	2.6293311419023e-05	0.000736257191565823
AT1G65840	4129.34107293877	0.88804177767005	0.115321343461476	7.70058474012406	1.35444981850909e-14	1.10269995648968e-12
AT1G66930	123.793056510475	0.734185173012924	0.211121565939091	3.47754702248059	0.000506024284535137	0.00963868840443351
AT1G67800	678.408723483256	0.622445444849566	0.129481320840296	4.80722192830654	1.53042070300355e-06	5.56387085233326e-05
AT1G70610	430.457253564274	1.03643001068008	0.134093337360328	7.72916858572202	1.0825123853533e-14	8.91635006154677e-13
AT1G70690	433.064704428106	0.883987542849771	0.14183465778479	6.23252142075931	4.58986754093283e-10	2.71859401595814e-08
AT1G71010	6141.00927455858	0.504832977669523	0.0658265193933287	7.66914280630622	1.73149574963861e-14	1.3988628113747e-12
AT1G71100	306.847715553448	0.792224340381556	0.191571153986259	4.13540516876764	3.54328915660569e-05	0.000957869168669072
AT1G71400	1809.78921693594	0.798054130507774	0.128501989154292	6.21044184420798	5.28358278480262e-10	3.09471185000967e-08
AT1G71740	168.646087737786	0.60446490954641	0.184945831947134	3.26833485882069	0.00108182289009083	0.0179334256764585
AT1G72200	520.028942029957	0.754287469761888	0.123171314251588	6.12388910798815	9.13184632357115e-10	5.13477630876857e-08
AT1G72220	193.738642311064	0.556380443125686	0.173093230966645	3.21433969438644	0.0013074489692395	0.0211417706789756
AT1G72510	1434.07741976	0.77164765411187	0.113543073593109	6.79607861310089	1.07505131463515e-11	7.31242968399897e-10
AT1G72540	44.9297106717154	1.65682792326081	0.467370464577137	3.54499920049475	0.000392614277014799	0.00780983338232417
AT1G72860	104.413822207532	1.00318719245742	0.247968713743655	4.04562001920328	5.21848209614879e-05	0.00135680534499869
AT1G73120	239.199260922789	2.94895284039542	0.204261467354183	14.437147047818	3.02089915230284e-47	7.86403450931576e-45
AT1G73220	38.0414762541905	2.0919005188181	0.461779863723878	4.53008171891392	5.89608764493017e-06	0.000193954608550698
AT1G73330	559.636411423428	0.534462724690589	0.178283370663202	2.9978271260097	0.00271911865427784	0.0373763598071072
AT1G74360	335.446119850692	0.653594431538683	0.139823834443377	4.67441358721545	2.94794724576022e-06	0.000102069647987028
AT1G74770	7658.15888512661	2.7105890511383	0.0799883273470447	33.88730757399	1.02464910571386e-251	1.44038340287217e-248
AT1G74940	754.096006993274	0.512056703859368	0.115611758611304	4.42910574157895	9.4624623318615e-06	0.000296471739568546
AT1G76520	173.49514758511	0.759155177151458	0.218428523745678	3.4755313277462	0.000509842439843573	0.00966774971811292
AT1G76760	333.692538511039	0.806200881207021	0.154044175006956	5.23356940417004	1.66267534311943e-07	7.19900868275488e-06
AT1G76950	1345.89217488845	0.71179450220337	0.0841749048674689	8.45613669922254	2.763815864962e-17	2.62512708687336e-15
AT1G77120	15543.7841830935	0.634812195990341	0.0655415746156121	9.68564151400671	3.47023011069323e-22	4.18132983509014e-20
AT1G77145	472.28402446715	0.597149687456393	0.188074698855506	3.17506656179826	0.00149802134448267	0.0236333794691904
AT1G77280	1455.56625729995	2.07803910423006	0.0954140000898073	21.7791844202541	3.65521351610484e-105	2.0282587421207e-102
AT1G77380	268.031068588514	0.540229081638691	0.161423569927501	3.34665552175138	0.000817927837882969	0.0142535755285953
AT1G77660	363.338060241117	0.941338809619912	0.145698682532454	6.46086013447807	1.04109511515019e-10	6.61220831266774e-09
AT1G77920	769.291456630631	0.662176559727824	0.101147256352528	6.54665864015076	5.88386432695332e-11	3.78253546335786e-09
AT1G78080	732.389823626114	0.645001394067848	0.126509130549634	5.0984572517854	3.42432841681806e-07	1.38856517301972e-05
AT1G78340	820.377425476148	0.543700228164507	0.0930544320912564	5.84281926121813	5.1324694255604e-09	2.60778916403293e-07
AT1G78710	12.2868682296482	4.02623525701225	0.959909147154383	4.19439200985623	2.73604459585706e-05	0.000756123674288885
AT1G79450	417.088806445008	0.604937183153332	0.138806397500631	4.35813618137149	1.31174757123829e-05	0.000399127118140413
AT1G80180	193.802907306751	1.51331550188363	0.219959316206212	6.87997911606931	5.98613356934716e-12	4.15209251458073e-10
AT1G80360	3379.95674023644	0.981352251405904	0.0905169350612166	10.8416425141021	2.18512181812483e-27	3.51721211121986e-25
AT1G80440	829.9341901064	0.937632131449307	0.157232268208777	5.96335689951566	2.47107867929801e-09	1.3191181020678e-07
AT2G00610	28.164566251054	6.27700378374112	1.12435718270402	5.58274886335075	2.36746487840385e-08	1.11929068219784e-06
AT2G00920	57.0450837672668	7.31101631152048	1.08271653750162	6.75247496301364	1.45344150585232e-11	9.69850240265886e-10
AT2G01260	360.512052561564	0.556208716223837	0.149755488414294	3.71411239823881	0.000203918152038851	0.00444196090278018
AT2G01670	2268.32236140674	1.02199087911129	0.121942862135002	8.38089955589079	5.25247101941758e-17	4.83911635808431e-15
AT2G01880	841.554923677888	1.66327636291316	0.124656873254503	13.3428371776771	1.30400523340346e-40	2.98872329908102e-38
AT2G01890	1146.74607269763	0.702467702392969	0.0912790366225767	7.69582730476827	1.40581577578076e-14	1.1401165941582e-12
AT2G02310	73.9475736234748	2.59011897447612	0.48319094164321	5.36044604989444	8.30167170742344e-08	3.68524314995223e-06
AT2G05830	2298.60144226242	1.34660273867371	0.0976284846139732	13.793133674032	2.80313820995402e-43	6.87290375524307e-41
AT2G06255	66.5454087676916	0.943931144146605	0.297303988829719	3.17496965937864	0.00149852168976134	0.0236333794691904
AT2G14210	343.617063469552	1.00711647828513	0.202745889256893	4.96738297371368	6.78624855829461e-07	2.62559334128807e-05
AT2G14247	1072.84762314276	2.33990347538272	0.0997071053131148	23.4677706070657	8.70611595245469e-122	5.92184390236967e-119
AT2G15830	252.282553780817	1.21947237557827	0.156154690261619	7.8093867916179	5.74668891249698e-15	4.82767658999647e-13
AT2G16660	3395.77377365253	0.912172807354113	0.106556883819028	8.56043058563265	1.1244675658696e-17	1.09265083382149e-15
AT2G17850	595.657721869428	0.729993496793218	0.179139747807222	4.07499455441227	4.60154238296103e-05	0.00121436949545828
AT2G18160	801.529197085609	0.528483392328845	0.165901532553883	3.18552447462895	0.00144491881472666	0.023011750851455
AT2G18193	739.749609673813	1.12873103973368	0.107169164405338	10.5322370104946	6.13587022650397e-26	9.17595458128105e-24
AT2G18730	1214.9309489421	0.510828579341453	0.0783129823194465	6.52291055980644	6.89559860693443e-11	4.41947088832277e-09
AT2G19210	11.5473390174613	2.45428950136739	0.782989183433875	3.13451265138028	0.00172139830901789	0.0261697222378884
AT2G19410	55.0723963002585	3.53957183134059	0.422410539420505	8.37945908309117	5.31714958729305e-17	4.87467026946353e-15
AT2G20030	108.710532687328	2.56759130347477	0.267057767315116	9.61436669409853	6.95359298232882e-22	8.19125483940702e-20
AT2G20560	323.272510954111	0.531975664385824	0.150617007135577	3.53197606633471	0.000412466684831768	0.00814306535730318
AT2G20800	72.5643523795301	1.62831581175374	0.299976779081104	5.42813952713817	5.69445167526818e-08	2.56019633314936e-06
AT2G20825	31.5672887650115	2.39370773688761	0.463416093031827	5.16535306580994	2.39985488929182e-07	1.01004671049116e-05
AT2G21020	229.080548123908	0.977785711310629	0.17740506747463	5.51159966978091	3.55586972273355e-08	1.64067984624857e-06
AT2G21540	303.61333119371	0.787354368144107	0.156161255719794	5.04193158869629	4.60856057869387e-07	1.81637585723998e-05
AT2G21840	795.311844381275	0.511852353857983	0.108904121509024	4.70002738891356	2.60126600510948e-06	9.0512037926961e-05
AT2G21940	399.384637227312	0.554290123083219	0.137900910836248	4.01948123273398	5.83264274230096e-05	0.00149984274224583
AT2G22250	1827.67981287766	1.07170857234702	0.0747512966251579	14.3369897343872	1.2850986623419e-46	3.30458419440748e-44
AT2G23170	105.328158516372	0.935241764388552	0.289462053012218	3.23096500786953	0.00123373042637837	0.0200573938092631
AT2G23760	245.237810639859	0.925513689241946	0.165743824418625	5.58400104793253	2.35047287056574e-08	1.11375440334268e-06
AT2G23960	170.635887610518	0.544763194329747	0.188850495033526	2.88462677438593	0.00391877941838759	0.0493321688454452
AT2G24762	370.44437605569	0.600674929643185	0.183587707084297	3.27186901118263	0.0010683906321291	0.0177688791039517
AT2G25940	204.888441237086	0.518955843380727	0.166382824192457	3.11904696833638	0.00181437036517843	0.0272685769922682
AT2G27285	403.877005726911	0.514523880413144	0.177451280103644	2.8995219426573	0.00373732185115247	0.0477028865335358
AT2G27920	540.106369629845	1.09277305699031	0.109356792392205	9.99273143520081	1.63999246536576e-23	2.14788081519891e-21
AT2G28160	1937.73779047451	2.09069820363266	0.0882278176645494	23.6965875273227	3.90995518600091e-124	2.74817716840051e-121
AT2G28700	61.1105259480329	1.16045886636526	0.302845064585152	3.83185662264267	0.000127179853519298	0.00295342994637436
AT2G28710	54.9685031766299	1.42378197449346	0.333154657346002	4.27363671225754	1.92310278702041e-05	0.000559317867132584
AT2G28990	308.896716764766	1.22042170733717	0.322044211456782	3.78960920246488	0.000150884470644236	0.00343951345730202
AT2G29995	564.233544346292	1.68171329323361	0.11776733050619	14.2799644519854	2.91750223674608e-46	7.41186170650937e-44
AT2G30360	771.059513337814	0.954392296877078	0.106259618076109	8.98170268401953	2.66608443838977e-19	2.74229543745789e-17
AT2G30362	111.68178198094	1.22003188259963	0.274032001635524	4.45215111854833	8.50142990773784e-06	0.000269971613003855
AT2G30490	16214.4434138154	0.648957585659712	0.0638797135297907	10.1590559788135	3.01986174240723e-24	4.16188266015678e-22
AT2G30550	276.707241128143	0.540414209335745	0.161247778854368	3.35145211410214	0.000803889405747675	0.0140553996762815
AT2G30660	115.11603774023	3.35608347199863	0.306110770782504	10.9636242573874	5.71632915414266e-28	9.4167591050197e-26
AT2G30670	126.192667332245	1.6682274553144	0.284851794312655	5.85647515171819	4.72794289338874e-09	2.41974281189308e-07
AT2G30766	114.326318848216	4.08766832032474	0.340032353020536	12.0214099747087	2.74251307721157e-33	5.5074886424841e-31
AT2G30840	401.666872266385	0.636976743687943	0.140742344488546	4.52583581723537	6.01572710952689e-06	0.000196968356881186
AT2G31350	741.644691187748	0.860908646685233	0.144891498246726	5.94174714943764	2.82000164232332e-09	1.49028958972505e-07
AT2G31860	59.6677347746966	1.6831539734835	0.360576575622011	4.66795151787103	3.04217660564751e-06	0.000105159567060137
AT2G32487	35.1887381340563	1.49464549531087	0.415796598229847	3.59465541967866	0.000324821195566383	0.00663037727948959
AT2G32720	1067.73219916691	0.93503695395061	0.116642036563986	8.01629482384494	1.08982735256708e-15	9.41807358861863e-14
AT2G32960	445.70184819174	1.06197922486357	0.177293517003333	5.98994956394036	2.09906122744381e-09	1.1407423979866e-07
AT2G33020	36.1216672186754	2.3905748486783	0.478361967512876	4.99741829624855	5.81029434096629e-07	2.26044034084161e-05
AT2G34390	309.93157399409	1.63945119127672	0.152415199620603	10.7564809504413	5.5239480387763e-27	8.6923856974356e-25
AT2G34910	259.214392768274	0.736583651050948	0.167866577599838	4.3879112899223	1.144444338509e-05	0.000352803411137439
AT2G35000	277.86872007027	0.812407457647581	0.160515484742721	5.06124040898442	4.16537588584398e-07	1.65719086658314e-05
AT2G35270	457.812581530925	0.662750316708835	0.122189064450937	5.42397406582116	5.82883425495909e-08	2.61503827872484e-06
AT2G35850	72.7269281800291	6.08298319677977	0.655404769978415	9.28126171095781	1.67483363224468e-20	1.84898125494824e-18
AT2G36255	25.7143210205081	3.04521625384629	0.746005173618471	4.08203101203116	4.46438377640263e-05	0.00118410058250599
AT2G36880	20387.909903152	0.869710927780852	0.0888018439516119	9.79383860829238	1.19664659891689e-22	1.50193393956914e-20
AT2G37040	8560.16485208924	1.35525462900052	0.0856163277556942	15.8293945153515	1.95089456884832e-56	6.04949454099053e-54
AT2G38823	34.2784226836455	2.3386836575536	0.452858228532982	5.16427329835583	2.41374814665096e-07	1.01387038685821e-05
AT2G39200	1129.29044486993	0.912345741460041	0.101602236495788	8.9795832545267	2.71794264493321e-19	2.76862505367448e-17
AT2G39510	521.260326401022	0.533626200558606	0.172127537395291	3.10017913829287	0.00193403632659038	0.0286786849384563
AT2G39518	159.940924675165	0.811143436850832	0.200195214428271	4.05176237187959	5.08332794992614e-05	0.00132657244000177
AT2G40095	374.972611237072	0.83059603377768	0.180216639289585	4.60887539048501	4.04852872827919e-06	0.000138134752046108
AT2G40890	3729.37504619762	0.818037111633298	0.09526516473387	8.5869490061613	8.93092497079269e-18	8.71840203398772e-16
AT2G41120	45.1132324083865	1.09908452732556	0.359505375305801	3.05721305666336	0.00223405421774071	0.0321770951060659
AT2G41240	819.577717151155	8.45295837931048	0.415171317237427	20.360169473067	3.77276534821552e-92	1.80801204846529e-89
AT2G41730	34.5932144879058	1.54972311034089	0.41503732949398	3.73393668523826	0.000188509902625094	0.00414485902685374
AT2G42060	251.90728004192	0.607080165245108	0.196976510205718	3.08199269349978	0.00205619884442088	0.0302350131335137
AT2G42750	412.50470712633	1.00101849683703	0.15060500219286	6.6466483998663	2.99842127539591e-11	1.96350034201857e-09
AT2G43570	124.506659952498	1.0614597353583	0.267960530775129	3.9612540409881	7.45571567802651e-05	0.00186041911965981
AT2G43590	1081.76384010093	1.14387032528714	0.124493185293857	9.18821638780567	3.99408790723101e-20	4.28944586472572e-18
AT2G44010	202.390020000076	0.581528656470108	0.191403215549059	3.03823869835172	0.00237965379791916	0.0336856739566963
AT2G44220	9.95144761994385	3.72267499172566	1.03702258259561	3.58977234845552	0.000330966878231221	0.00672976624337853
AT2G44798	315.446164450104	0.741473197331347	0.250863767919494	2.95568070064744	0.00311979884137251	0.0417129862593169
AT2G45290	5056.1809208788	0.63358454275991	0.0817594968824636	7.74936939338978	9.2350009706438e-15	7.66650513649587e-13
AT2G45300	2846.31896353274	0.52250570272098	0.0838428295757769	6.23196647065376	4.60616078739172e-10	2.72060241913002e-08
AT2G45400	1485.62791605735	1.17123102551831	0.104043916110332	11.2570832520019	2.13715555606961e-29	3.75792912900151e-27
AT2G45430	1199.23678737302	0.516941432940067	0.108491919044158	4.76479204621372	1.89048519601807e-06	6.79093200055146e-05
AT2G45590	456.494298216508	0.92031917245793	0.149787113800975	6.14418122563452	8.03770331988526e-10	4.5682752615391e-08
AT2G46430	410.887637723513	1.19145264974827	0.14590844579391	8.16575519851092	3.19430473636602e-16	2.80646290295891e-14
AT2G46700	912.312114468413	0.669948034156212	0.0895976608370811	7.47729380317645	7.58686732776814e-14	6.01416107042552e-12
AT2G46710	488.366343586947	1.16113385170592	0.194551573909111	5.96825730255142	2.39801003256128e-09	1.28336140981186e-07
AT2G46740	620.685033547964	0.610734282388286	0.13266601273271	4.60354743319805	4.15354541400439e-06	0.00014126073967693
AT2G46750	1253.0397376116	1.6343270387456	0.139892405577089	11.6827431196398	1.56172843946988e-31	3.02115650226257e-29
AT2G46940	107.767591679835	0.752804052061544	0.254053112112137	2.96317587217457	0.00304482545428305	0.0409720418181317
AT2G47060	1019.51764784581	0.51836593982724	0.115304980582184	4.49560753759266	6.93715868045061e-06	0.000223665027425048
AT2G47260	318.683643798075	0.618502775374257	0.177887956749958	3.47692326492699	0.000507202956630421	0.00964371645041394
AT2G47485	117.185724448151	1.68438536537211	0.29273940303754	5.75387306216548	8.72216598524382e-09	4.28707673577742e-07
AT3G01120	7209.81952636156	0.598605917795231	0.0581311790362982	10.2975017489573	7.23149377815175e-25	1.0233777033967e-22
AT3G01600	107.357486308062	1.38048881130755	0.251773419518412	5.48306018144458	4.18030729506266e-08	1.89561203491809e-06
AT3G01860	597.899045635986	1.1114063466566	0.109875904787533	10.115105298161	4.73507580522279e-24	6.40024413005948e-22
AT3G02360	5202.18707087533	0.636844080659479	0.0769317842715984	8.27803601189305	1.2522336261209e-16	1.1284016342045e-14
AT3G02550	918.301334784329	0.967112807083931	0.18291190270721	5.28731478252676	1.24124937268246e-07	5.4188373234746e-06
AT3G02610	119.811331973947	1.0661601032978	0.275186509514159	3.87431820397049	0.000106923627625914	0.00254181692459979
AT3G03190	259.232507732037	0.780471782443862	0.193448677484803	4.03451598941623	5.47149643802606e-05	0.0014156070416223
AT3G03780	12652.6914680471	0.637337206045661	0.0940641922039652	6.77555604436259	1.23928689270193e-11	8.37551391651053e-10
AT3G04060	330.477812648686	0.552974380399391	0.140300127312651	3.94136763088687	8.10183410643327e-05	0.00199341043136817
AT3G05290	778.149215649813	0.512449586639117	0.0920655240356971	5.56613989880101	2.60444174902589e-08	1.22038352711022e-06
AT3G05360	300.752722645075	0.584767176613979	0.152560612636333	3.83301539308785	0.000126582029411937	0.002942787951687
AT3G05935	129.732575392528	0.580004715441204	0.198919990064257	2.91576887397715	0.00354813237172093	0.0458430877390364
AT3G06350	2766.22643515034	0.673886040195943	0.0718107912317848	9.3841890422963	6.34024547906007e-21	7.22650898224112e-19
AT3G06890	281.009498907986	1.77306036708658	0.16717163505236	10.6062273455137	2.78779340060342e-26	4.29075997409662e-24
AT3G07720	8973.47597621309	4.55324962242665	0.124405635211768	36.600027118353	2.85723466462567e-293	5.47705910348153e-290
AT3G08590	2393.54139465793	0.573778790428815	0.13758338802452	4.17040747918313	3.04055481112439e-05	0.000833720919991792
AT3G09920	1068.93531679466	0.500112716334782	0.083735519403956	5.97252778623302	2.33605342025005e-09	1.26302621588186e-07
AT3G09925	730.767851204666	0.66519654732441	0.198946641431064	3.34359274697736	0.000827010446699494	0.0143762096282816
AT3G10010	219.946744368915	0.592186510139464	0.159581004537617	3.71088345918936	0.000206537178475382	0.00448049685733735
AT3G10320	182.606281459467	1.21694712415171	0.181206554835748	6.71580079018001	1.87036174373617e-11	1.23631497581257e-09
AT3G11080	157.005285977598	1.38630289011012	0.213221640257014	6.50169883525467	7.94179742420311e-11	5.05923687271138e-09
AT3G11420	584.975528408161	0.559739926115685	0.163324450454925	3.42716552577757	0.000609917163376184	0.0112320640235373
AT3G11690	289.894602629082	0.7256584224757	0.177405376806138	4.0903970079141	4.30635410616379e-05	0.00114796185439406
AT3G11750	88.8101722541091	4.74492685269339	1.09082192588488	4.3498638412904	1.36222088183444e-05	0.000411515609088267
AT3G12820	565.417445469131	4.46769037370222	0.17387427983881	25.6949468192996	1.33122267868786e-145	1.33667435251487e-142
AT3G12830	229.039217637177	0.544896123443017	0.169854451822082	3.20801790943802	0.00133653175312418	0.0215294946878353
AT3G12900	2264.31310380254	8.94972518100939	0.392325511674183	22.8119888069933	3.48643230768429e-115	2.22772459514639e-112
AT3G12920	892.768611171345	0.841935929082967	0.103922179933174	8.10159996282182	5.42410494220367e-16	4.74575422453554e-14
AT3G12977	177.102714969497	0.880038521333008	0.193194023302743	4.55520572680425	5.23343333789894e-06	0.000174332030589158
AT3G13090	767.11331862093	0.82294226824759	0.11074217766641	7.43115482816811	1.07653610319955e-13	8.40734824891322e-12
AT3G13610	11969.4833758633	3.40014941365538	0.0630499572875889	53.9278622846059	0	0
AT3G14460	129.001875465748	0.896908085305454	0.221760156426016	4.04449608874929	5.24357837210315e-05	0.00136165139845033
AT3G14470	480.629012414453	1.43749281336169	0.113383024393535	12.6782013537792	7.8103578475934e-37	1.68050209769749e-34
AT3G14940	12206.5390413879	0.56393464077217	0.0840461024606028	6.70982501581818	1.9485793983075e-11	1.28399203727225e-09
AT3G15300	326.794723547042	0.613082143177615	0.164220608860782	3.73328382735054	0.000188999410651476	0.00415076934750759
AT3G15340	149.554011259641	0.880054912712283	0.275780067839325	3.19114764024579	0.00141708845847143	0.0227229864907442
AT3G15510	173.254473366266	0.910978029328034	0.250038334458614	3.64335345338344	0.000269108895804858	0.00571964464019903
AT3G16360	14.9250086092354	3.02109869116827	0.845267410163642	3.57413364675138	0.000351389425726784	0.00707583998549657
AT3G18290	3318.32092574677	1.3861066931696	0.063932647947878	21.6807333602018	3.11870727672832e-104	1.68618106761778e-101
AT3G18560	909.750366756829	1.89011593377805	0.138118082674583	13.6847825945522	1.25180993348019e-42	3.03398439739808e-40
AT3G19970	323.58373875673	0.585288501067147	0.1555428698229	3.76287580223737	0.000167970630125261	0.00376426897010124
AT3G20650	809.479392920056	0.906198587698393	0.0976016997913136	9.28465989461224	1.62224437180247e-20	1.80987538750406e-18
AT3G20960	517.891840598496	0.679043795326238	0.143195869330536	4.74206273198296	2.11553089738542e-06	7.50977853573552e-05
AT3G21070	3726.55661549001	1.73257093054132	0.104128654632103	16.6387526724769	3.65145111421219e-62	1.26220488843079e-59
AT3G21240	4629.02919844925	1.90253376157118	0.0796616756621274	23.882673139346	4.63665596574003e-126	3.49173313191408e-123
AT3G21270	156.076928300495	0.644471759594464	0.195522089011216	3.29615831568522	0.000980167634281831	0.0165474897809981
AT3G21865	524.419639254596	0.668022328656662	0.197943687010853	3.37480997118152	0.000738666774500087	0.0131107134739973
AT3G22104	351.601313533209	0.604864881608751	0.142232241233829	4.25265661541786	2.11249376549191e-05	0.000608525184961236
AT3G22370	882.724335136894	0.523534431327569	0.0862599018864375	6.06926764207093	1.28494852563454e-09	7.16783719881745e-08
AT3G22740	184.827201278904	0.606031891578345	0.197472097243905	3.06894948722711	0.00214812908878241	0.0312597998385549
AT3G23175	932.158161629383	0.575540744148055	0.146453223670854	3.92986053650518	8.49951451525852e-05	0.00207671799616154
AT3G25717	583.800104566738	1.34602061706756	0.148683385911375	9.05293223460678	1.39179671588161e-19	1.45284284906335e-17
AT3G25930	998.013864975649	0.686000835095385	0.150697785777522	4.55216267150826	5.30972540551114e-06	0.000176594432019886
AT3G27060	1340.25285159654	0.532499442494089	0.0792897269755887	6.71586929108776	1.86948319487105e-11	1.23631497581257e-09
AT3G27570	2102.10697095304	0.871740417139028	0.105801115197015	8.23942560072013	1.73039371370222e-16	1.55264178072872e-14
AT3G27580	898.426824953135	0.77936865769302	0.109893522845447	7.09203452135315	1.321545341883e-12	9.64225089236848e-11
AT3G27880	463.134776045046	0.792845518798887	0.112377783136573	7.05518027380325	1.72377097283558e-12	1.23630730385071e-10
AT3G28210	147.35324622627	0.993080357008824	0.233656205714136	4.25017753743634	2.13601142518518e-05	0.000612788257298704
AT3G28345	1315.32714148084	0.581537682774536	0.113662760862989	5.11634310445381	3.11516178268058e-07	1.27299033623261e-05
AT3G28850	282.239928229025	0.722352939631661	0.148176397656648	4.87495276613138	1.08834492878768e-06	4.06174179971983e-05
AT3G29035	498.469547419873	0.863346792348416	0.22718743150716	3.80015208861238	0.000144607309901407	0.00331794313012085
AT3G29200	1464.39028128768	0.687121947066582	0.0744712292646072	9.22667658170563	2.79158957807176e-20	3.01863886375493e-18
AT3G29970	67.4922917723613	1.18590831946118	0.372710284826111	3.18185026746571	0.00146337452455479	0.023183106855569
AT3G32030	906.210827247019	1.38967929768996	0.106243869826765	13.0800892320271	4.27937542313754e-39	9.59945852896577e-37
AT3G45060	159.799777468373	3.16352860934317	0.27693454165491	11.4233803787657	3.19557796716185e-30	5.85930061004999e-28
AT3G46330	669.21527675694	0.891798449457556	0.127265625155001	7.0073788453984	2.42824123873469e-12	1.72979374189053e-10
AT3G46900	149.81504163127	5.42508278229741	0.384124614008937	14.1232365343065	2.73152278914941e-45	6.85677256333387e-43
AT3G47040	317.166115251808	1.61929793147824	0.202488405798919	7.99699086517716	1.27496693453441e-15	1.09730419516704e-13
AT3G47420	971.224935371187	1.27956817770303	0.114659700276151	11.1597027955007	6.42058544964557e-29	1.08307571832981e-26
AT3G47640	373.146776769987	1.24107461462945	0.150700344055699	8.23538010086257	1.78988429356297e-16	1.59921611076562e-14
AT3G47820	243.406858648898	0.664726628895886	0.183540008496143	3.62169880203452	0.00029267476455885	0.00611629344448752
AT3G48410	587.333842806352	0.510809208249387	0.112025975691686	4.55973898103077	5.12172413862761e-06	0.000171151624702222
AT3G48450	532.396807334711	2.39412385511725	0.14055914560653	17.0328571989131	4.6859355968302e-65	1.70357996542692e-62
AT3G48890	692.095373875034	1.19285489185317	0.131603123297054	9.06403177955478	1.25715767313134e-19	1.31882719878843e-17
AT3G49370	210.53843981484	0.753770186193302	0.171901905383026	4.38488558060936	1.16046759185663e-05	0.000356180780813521
AT3G50660	766.562161294427	0.669578722930179	0.114008618270556	5.8730535733815	4.27840132575445e-09	2.20573032652466e-07
AT3G50710	39.4871486838843	1.90323391765126	0.394665631144283	4.8223958902453	1.41844067686176e-06	5.18357714251421e-05
AT3G50740	3158.25630874825	3.1262244884042	0.0923518034598127	33.851255430703	3.47805423566515e-251	4.58364072582721e-248
AT3G51200	15.9229622076988	7.31175689878439	1.3270720655322	5.50969091181354	3.59464337073305e-08	1.6549486924733e-06
AT3G51540	280.976920539622	1.60540136374549	0.207395088449325	7.74078776768024	9.88027062482006e-15	8.17001515274337e-13
AT3G51560	11.5340967560433	2.26577909725212	0.760336129922104	2.97997031587102	0.00288276317216683	0.0391409814863553
AT3G51570	43.2543800014627	1.06302493172063	0.357726762517075	2.97161141716336	0.00296241363439909	0.0400163061466619
AT3G52880	8821.11435158753	1.20096278290929	0.0646595470041711	18.5736343440794	5.25244330532856e-77	2.05098184326219e-74
AT3G53150	89.8473551753253	1.82554837460306	0.291843748595497	6.25522521345256	3.96942669994168e-10	2.35772764492874e-08
AT3G53230	1896.26239695351	0.893357437676163	0.0961311351613811	9.29311233219529	1.49841350909157e-20	1.68061421556941e-18
AT3G53260	12449.8144099451	2.0457386150357	0.0806237586883379	25.3738928613312	4.8978893578292e-142	4.69440431814484e-139
AT3G53280	373.945460500185	6.77288445843225	0.361066843384295	18.7579795335116	1.66613481924062e-78	6.88865074480542e-76
AT3G53470	24.5758707184863	1.56987272217713	0.482024007463115	3.25683513242286	0.00112661848849272	0.0186028797559574
AT3G53480	18715.6285749878	2.45678231169872	0.0680155015825514	36.1209173575951	1.06501370042608e-285	1.87140657393203e-282
AT3G54270	221.520796831969	0.539703172342841	0.157896316438895	3.4180858965871	0.000630632010673671	0.0115617495326737
AT3G54420	423.713105478705	0.601043055356193	0.143290156074933	4.19458720557106	2.73368966811057e-05	0.000756123674288885
AT3G54530	37.2985112499315	3.2208586823025	0.585297633361187	5.50294157829766	3.73506218778274e-08	1.71212002807798e-06
AT3G54580	4058.10585774315	0.936198570365289	0.257635624513198	3.63380868672271	0.000279267969783965	0.005885055485362
AT3G54590	1146.07292941328	0.755044134097597	0.143570880208295	5.25903395592593	1.44814150054386e-07	6.29598178978719e-06
AT3G54880	1909.34871383733	1.12119799612676	0.115556654448187	9.70258269833766	2.93961595672108e-22	3.56234149789775e-20
AT3G55700	98.8350734161078	0.720851090709108	0.24987387648389	2.88485975746081	0.00391588060168626	0.0493251244726143
AT3G55890	97.0604989878357	0.853581282812079	0.243538318582118	3.50491572653386	0.000456751839139031	0.00882774452803447
AT3G56360	2445.29674182357	1.2384100104954	0.0911820052863104	13.5817369513514	5.13930409892468e-42	1.21761085651602e-39
AT3G56930	1169.35973678498	0.847413479291965	0.0884643053501247	9.57915710679087	9.78401342351301e-22	1.14614281693442e-19
AT3G56970	1375.77615689402	6.19861570062471	0.16103106780897	38.4932906734376	0	0
AT3G56980	1155.8615036496	4.92646228323019	0.145077573684024	33.9574350337558	9.47414926594691e-253	1.42694222444112e-249
AT3G57157	243.222297415022	2.09454033472496	0.186819594788363	11.211566629816	3.57803605804093e-29	6.23524531569018e-27
AT3G57160	64.2532106057195	1.35858353731093	0.366042306424328	3.71154785517063	0.000205995711724169	0.00447460416638129
AT3G57380	219.418805638151	0.736009010617858	0.185391800522759	3.97001921628947	7.18668354226536e-05	0.00180617889359008
AT3G58010	320.261712204603	0.939320108447784	0.15130875067765	6.2079694944341	5.36735661281339e-10	3.13507151074191e-08
AT3G58060	241.475881675546	5.02205635704632	0.294951334107707	17.0267287389601	5.20328120444541e-65	1.85959978774468e-62
AT3G58810	2147.46274771897	4.48826541074984	0.107330792362971	41.8171273307238	0	0
AT3G58990	907.367752563953	0.563924496298423	0.141017626496655	3.9989645997325	6.36201940055427e-05	0.0016143145737676
AT3G59880	33.1268613074633	1.55453903172655	0.448228501335983	3.46818425667515	0.000523987879171074	0.00988265511645908
AT3G59900	178.503697745843	0.600598594574459	0.181513131450755	3.30884377220611	0.000936820961094247	0.0159511292899685
AT3G60270	21.4815506017949	2.45107299479932	0.632958120587846	3.87240942974702	0.000107764726289802	0.00255892682268779
AT3G60330	1976.53503894931	2.07052021541191	0.12044359827303	17.1907867674155	3.1127939085759e-66	1.15151530449529e-63
AT3G61400	287.838301088051	0.664148162505981	0.171347094816633	3.87603981973969	0.000106170316744292	0.00252675767366834
AT3G61410	508.174375309699	2.858577439142	0.193783283532957	14.7514139869337	3.01285487743597e-49	8.25052700592401e-47
AT3G61930	399.530226605206	4.60489799460965	0.224762412375463	20.4878473493033	2.76344353280704e-93	1.38738024601831e-90
AT4G00895	320.113148817731	0.516970572234282	0.149280596081138	3.46307950132578	0.000534030581634081	0.010040559623307
AT4G00910	135.479488030605	0.769925198717512	0.217205175056864	3.54469085976403	0.000393073807952422	0.00780983338232417
AT4G02330	1388.70700380275	2.30295266625953	0.103355410959395	22.2818780834249	5.53862114961635e-110	3.33678187316601e-107
AT4G02940	1029.59564661062	0.864433539897592	0.145048995431892	5.95959687499863	2.52860927868944e-09	1.34302909950744e-07
AT4G03255	11.127291497178	3.17373553771102	0.887254369676893	3.57703004479626	0.000347520243440166	0.00703058866786099
AT4G04610	4304.59187212645	0.570825425106895	0.0765894714352898	7.45305346034649	9.12043039563176e-14	7.20274888847533e-12
AT4G04700	470.521416395377	0.663889757828043	0.140995915063513	4.70857441174086	2.49455299783024e-06	8.72307537516559e-05
AT4G04745	666.504705653888	1.59593890413193	0.149955252293517	10.6427676238249	1.8844715596584e-26	2.94340498570051e-24
AT4G04750	327.227600292858	0.705538386765045	0.148137158654689	4.76273740614717	1.90984301695213e-06	6.84880099582526e-05
AT4G04972	120.199066057137	0.808990659698757	0.276178729976151	2.9292286910314	0.0033980431371044	0.0442679680912965
AT4G05590	341.920389911877	0.542980932544361	0.1274846111533	4.25918805126549	2.05170810705697e-05	0.000594262598151145
AT4G05775	529.399353762469	0.762998628000625	0.18813219875801	4.05565146762597	4.99947617825525e-05	0.00130792747760162
AT4G06065	38.3636855190459	1.25347486141257	0.424760598212921	2.95101491684083	0.00316731620194258	0.0421097285209087
AT4G09110	53.6963967343379	3.58867446719512	0.540336589903486	6.64155368015355	3.10393664950283e-11	2.02630365917699e-09
AT4G09420	204.535706996426	0.649058824895818	0.164119105885484	3.95480356411829	7.65975599344922e-05	0.00190239829066985
AT4G09770	159.675166623971	0.637342337550526	0.212449700788816	2.99996815803507	0.00270007831426449	0.0371873620735343
AT4G10270	140.869208354634	0.795314408565676	0.251008867290315	3.16847136577777	0.00153242843541614	0.0239479816923273
AT4G10507	10.0621663780287	3.00730597139559	0.965570986054751	3.1145363881357	0.00184234230682722	0.0275319843244215
AT4G10510	148.350437680066	2.78669615397709	0.248677456378609	11.206066663857	3.80739541640647e-29	6.58055243855302e-27
AT4G11393	10.1984418618519	4.70525112874271	1.27564413239137	3.68852959008408	0.000225553798034628	0.00484677438724786
AT4G11530	524.227160732328	0.581357539864658	0.12800107036944	4.54181780032564	5.57712327340735e-06	0.000184614162234015
AT4G12910	825.713480896203	1.37996329015824	0.0951261123637931	14.5066717840924	1.09926252976211e-47	2.93405692437516e-45
AT4G13310	243.800083822369	0.873609628862037	0.252566397050633	3.45893055871126	0.00054232470637616	0.0101558248300601
AT4G13345	217.610291927852	1.90850338670779	0.192350143017206	9.9220273859483	3.33903848101713e-23	4.31944573071946e-21
AT4G13420	287.944815688178	2.09501272572533	0.177275098039072	11.817862457273	3.15613017401617e-32	6.27831706125518e-30
AT4G13860	438.703026185721	0.996524938165786	0.155112596236862	6.42452619801464	1.32280879355316e-10	8.30141256573269e-09
AT4G13930	15287.1679938101	0.615688775151194	0.0868133885057025	7.09209473041997	1.32097034627963e-12	9.64225089236848e-11
AT4G14610	236.654157546488	0.664528807549042	0.182040883731726	3.65043716513901	0.000261794349764782	0.0055703286166904
AT4G14630	445.155608941439	0.978693387401662	0.162333628683907	6.02890106835078	1.65078295768024e-09	9.04114531055726e-08
AT4G14680	570.067949137214	0.565160586994287	0.163662579727501	3.45320590653821	0.000553965979930575	0.0103331119833359
AT4G14710	3163.07247689615	1.30686170203047	0.0868586844210318	15.0458380844879	3.67647896708042e-51	1.02002941447181e-48
AT4G16350	153.136363881589	0.606548197338169	0.185711523864141	3.26607732636934	0.00109048467261967	0.0180628121027953
AT4G16370	2707.65191598571	2.82042504667881	0.114192142772273	24.6989414350813	1.09786143456865e-134	1.0065002699702e-131
AT4G17483	82.9049716671724	0.867556074275368	0.251945538395263	3.44342701919297	0.000574391596249458	0.0106616383789754
AT4G17670	891.404075657411	0.652567221720247	0.112057152909296	5.82352134404544	5.76204516851438e-09	2.91363271998307e-07
AT4G17680	175.347124755852	6.12858034509388	0.455128946154808	13.4655912283138	2.49314574462183e-41	5.84116346345509e-39
AT4G17900	1264.75278119605	0.668381551979475	0.118672681889302	5.63214331502968	1.77983680319265e-08	8.52946337093642e-07
AT4G18700	3085.45952480488	0.97811366535854	0.0783932008716609	12.4770216610983	9.96446215065858e-36	2.08030345454244e-33
AT4G19045	292.404943907927	0.537148923495568	0.173505356449194	3.0958636349239	0.00196240587456321	0.0290584903588763
AT4G19160	4026.36711429711	1.24153106452841	0.140887984130317	8.81218559689262	1.22729211780762e-18	1.238214430435e-16
AT4G19200	1420.26072115387	0.623725268636941	0.143762957552187	4.33856731425775	1.43414559936863e-05	0.000431016080249114
AT4G19370	145.749822836274	3.95939169876725	0.373782426350129	10.5927711407663	3.21918196052901e-26	4.91881672606628e-24
AT4G19670	1256.87787857572	0.587333904385298	0.0805989410277187	7.28711688883492	3.16658162059675e-13	2.44580732790854e-11
AT4G19680	603.990566688631	4.40513515657697	0.199497272903311	22.0811798199967	4.79407784886417e-108	2.80799793114305e-105
AT4G19690	13326.7446271994	5.85506994229573	0.0661443872037915	88.5195281083519	0	0
AT4G20110	2911.59708817091	0.757997591335493	0.0756446541860784	10.0205044162261	1.23869131306876e-23	1.64270723442566e-21
AT4G21215	237.402000169888	0.545834377730819	0.159699694103457	3.41787992015323	0.000631109442858175	0.0115617495326737
AT4G22270	297.736354547357	0.704106957345079	0.182225606620853	3.86392983072942	0.000111577285898324	0.0026375769623902
AT4G22590	1874.95470533456	0.73656819664005	0.122879215949901	5.99424557640697	2.04432247352473e-09	1.11386521128534e-07
AT4G22810	1086.29819700027	0.634032147611649	0.0885681633483892	7.15869138120927	8.14508199353125e-13	6.04743658153521e-11
AT4G22840	286.831877135341	0.518141051982553	0.147961072574839	3.50187412787559	0.00046199782672833	0.00891279613393739
AT4G22980	112.619138146921	1.29588382208201	0.240639206242659	5.38517327378171	7.23748917212944e-08	3.22642064870024e-06
AT4G23280	22.2075252209099	3.51506088781479	0.775685416509046	4.53155469086197	5.85511739216534e-06	0.000192907820829997
AT4G23430	1820.95350371066	0.617721161471963	0.127247758896366	4.854475763106	1.2070563090927e-06	4.47310884596285e-05
AT4G23550	200.55116192054	0.560024264524917	0.187371221805953	2.98884886978479	0.00280030606185084	0.0382182871328069
AT4G25030	3662.2528633865	0.7794342137587	0.0681686637977411	11.4339077566682	2.83076436107809e-30	5.2822563997958e-28
AT4G25090	692.171029108046	0.863684763722259	0.120433067565412	7.17149186001722	7.41848490620088e-13	5.56676771288796e-11
AT4G25350	176.737377881551	0.695048704625103	0.186200778321361	3.73279161822584	0.000189369255065081	0.00415076934750759
AT4G25640	3453.88647235553	1.26243384275033	0.0938449303276284	13.4523392829315	2.98284270195281e-41	6.91167266081066e-39
AT4G26060	905.133869147343	0.654725895268367	0.103026710239943	6.35491411638351	2.08543102168937e-10	1.28577188664743e-08
AT4G26470	748.24546596523	0.826732275201894	0.105290298584213	7.85193209933451	4.09676289659738e-15	3.46925070030732e-13
AT4G26890	100.506559853432	1.06501646698581	0.243162296409105	4.37985856653529	1.18756361501567e-05	0.000363967534683436
AT4G28890	325.927347706494	0.522914263665294	0.16747792416172	3.1222877061717	0.00179451475757307	0.0271053998411073
AT4G29220	2422.16978765841	1.41786254207582	0.0792522330733028	17.890505883467	1.39833104248814e-71	5.3609469748918e-69
AT4G29740	283.967341482337	0.668628737992097	0.173732481857389	3.84861098421971	0.000118789476169991	0.00278310543835603
AT4G29900	3415.85778379539	0.938575493257327	0.0623361515942991	15.0566801005913	3.12069390419479e-51	8.7737268885135e-49
AT4G30120	492.552002394415	4.09808308532695	0.191218352952808	21.4314317744299	6.80549307619928e-102	3.58751567511845e-99
AT4G30190	34476.7067810702	0.938676722621392	0.0640263876221019	14.660779055062	1.14946479779089e-48	3.10738650336137e-46
AT4G30210	5971.45671858842	0.689945393423725	0.0700301449337484	9.85212002740311	6.71131513069732e-23	8.4739395716098e-21
AT4G30490	1365.56556880267	1.37188306885772	0.13531978095533	10.1380822461617	3.74376871767494e-24	5.12604592083726e-22
AT4G30670	780.768433168471	0.764532143310872	0.138618125728241	5.51538364333196	3.48019936800531e-08	1.60928692705614e-06
AT4G30830	74.3638984278038	1.28681618255079	0.351972801023999	3.65601029058789	0.000256171075410861	0.00545618514758931
AT4G31940	16664.2481299797	7.58496751986354	0.103100276467002	73.5688378322745	0	0
AT4G33020	50.9492238050173	2.77608308123519	0.390615264775053	7.10694980861509	1.18635552684661e-12	8.74667574793271e-11
AT4G33666	140.322518103394	2.84509358572154	0.250077502817136	11.3768473919941	5.45357085121308e-30	9.745253810905e-28
AT4G34050	21309.665826436	0.51221858199554	0.0885067809851085	5.78733715422011	7.15109567521613e-09	3.55632083508508e-07
AT4G34060	82.6955511608821	0.798201935561684	0.267577245982226	2.98307104788239	0.00285371741223681	0.0387965734071086
AT4G34580	524.80717099451	0.618505165867456	0.125095613373255	4.94425942836209	7.64338628829127e-07	2.92501711932686e-05
AT4G34680	261.915585335068	0.590975732981621	0.152920003849765	3.86460710243129	0.000111268159167084	0.00263322155353213
AT4G34950	792.952235060277	0.862360153960072	0.0955451317914782	9.025683860504	1.78576475585586e-19	1.84581547264591e-17
AT4G35040	1030.76607624831	0.671142933156493	0.115382512698652	5.8166780863001	6.0028585246641e-09	3.01372082978731e-07
AT4G35110	126.961138090983	0.779406402076908	0.244817066076665	3.18362773709915	0.00145441925488832	0.0231106890795593
AT4G36520	482.37613911753	0.595963393852548	0.200314142406036	2.97514387498678	0.00292851161486464	0.039637277510204
AT4G36700	16.9049532483366	4.5369639745477	0.936388701864223	4.84517163173287	1.26502273748961e-06	4.63900338134017e-05
AT4G36990	4764.93250575315	0.663631063170591	0.0763335812200952	8.69382849020434	3.50426545884892e-18	3.46905828475532e-16
AT4G37070	1249.135172624	0.608103665782705	0.14461599973847	4.20495427119009	2.61134949052893e-05	0.00073221961911294
AT4G37270	1092.9173951296	0.62310719862162	0.0915511150223924	6.80611261227364	1.00271234480632e-11	6.88703338846449e-10
AT4G38250	52.4655387897616	4.2372048230358	0.719979932992356	5.88517072333568	3.97643310470882e-09	2.07029798631827e-07
AT4G38620	1080.66779870236	0.755093220729079	0.109366345496749	6.90425575893017	5.0467304642456e-12	3.52368736983718e-10
AT4G38830	177.82465616967	1.8379504115377	0.202350818681759	9.08298974776218	1.05632571145947e-19	1.12493353292093e-17
AT4G38950	690.392776460865	1.28620188016045	0.15134082516232	8.49871063396764	1.91708131162577e-17	1.8458254126457e-15
AT4G39540	762.564244180179	0.582905994697366	0.115090792070626	5.06474917941015	4.08938416014771e-07	1.63621924859345e-05
AT4G39795	51.1400839063525	0.978994201325028	0.324879449650326	3.01340759589054	0.00258331698310184	0.0358811453665971
AT5G01060	156.569081897697	2.3549801185195	0.227962253206584	10.3305704580195	5.12548524593879e-25	7.30243120918009e-23
AT5G01490	368.780907625237	1.35550543106668	0.144121766182787	9.40527907039048	5.18923147904427e-21	5.97924234793046e-19
AT5G01720	316.640123090196	0.617718886370071	0.165878902474301	3.72391471824316	0.000196157212006049	0.00429063378875472
AT5G01900	85.1634493461143	1.7202593748693	0.304681363406818	5.64609320253161	1.64134887164169e-08	7.90170828936909e-07
AT5G02090	391.064468971744	0.518369557997261	0.163045397020406	3.17929587385031	0.00147633311261219	0.0233533083364896
AT5G02560	218.928435508548	0.59704476558446	0.174023631204584	3.4308258105623	0.000601746866544654	0.0111105670824126
AT5G02580	320.541271601601	0.986511623615545	0.145906560645817	6.76125610287169	1.36800457570247e-11	9.21589280615411e-10
AT5G02780	3755.83396934659	5.77584633629153	0.104039816198538	55.5157299131475	0	0
AT5G03330	952.336185723678	0.844159414902935	0.0876042808509417	9.6360521050252	5.63121429468245e-22	6.7084624077782e-20
AT5G03380	3687.07220406225	0.529773434665453	0.0855335320075602	6.1937514122371	5.87488587659614e-10	3.41261277118199e-08
AT5G03570	1545.64453685	2.98394090906788	0.104177787079384	28.6427749400561	1.97216280770001e-180	2.18868552437697e-177
AT5G04150	279.932385033075	4.18386665853858	0.214640409642176	19.4924462989678	1.27249976847577e-84	5.47590410573064e-82
AT5G04730	291.891321239631	3.51263032058665	0.222485820031633	15.7881087436819	3.75675523643392e-56	1.14804262196298e-53
AT5G04860	1506.67444057375	0.959819092547149	0.0813860841985641	11.793405494303	4.22120031613573e-32	8.31852615570448e-30
AT5G04950	3006.32425371815	2.2205680553495	0.0920595858246574	24.1209868093361	1.50577019321034e-128	1.22117962669359e-125
AT5G04960	776.816895921231	0.588493091819964	0.169244063738726	3.47718601657108	0.000506706141126429	0.00964296542580494
AT5G05250	808.545279077746	2.74294852608186	0.122680505571221	22.3584710000195	9.98761161864412e-111	6.19408172325676e-108
AT5G06230	260.596658745927	0.89148593255572	0.181211736633867	4.91958164032688	8.67293880436245e-07	3.27737612237969e-05
AT5G06330	214.456384181169	0.640189873372742	0.162218452215962	3.94646764672896	7.931263323295e-05	0.00195829763975408
AT5G06490	16.6639315903894	2.4157200814887	0.758963998454624	3.18291788069988	0.00145798958709374	0.0231151642356832
AT5G06665	220.131418339831	0.888873306283531	0.175753266939557	5.057506592974	4.2477374805964e-07	1.68677575359427e-05
AT5G07280	94.6601221672757	1.09364157730908	0.240996315947832	4.53800122631676	5.67899302752395e-06	0.000187686215242326
AT5G07390	401.335211058561	1.23736365143346	0.162314703934868	7.62323819984898	2.47389757269182e-14	1.99101542815953e-12
AT5G07780	95.7921743808461	1.08468596239316	0.242427084407264	4.47427714211565	7.6670245081355e-06	0.000245321515597185
AT5G07800	206.418191503297	0.772041033982203	0.177435999615774	4.35109580724322	1.35458843008144e-05	0.000409797010569545
AT5G09275	11.5799040076063	6.85291002965344	1.41227674388443	4.85238467554503	1.21985720501803e-06	4.50471261383717e-05
AT5G10040	192.655106793035	0.731532136153923	0.241241566807361	3.0323635592123	0.00242646764375307	0.0341123997396268
AT5G10800	134.420885206357	1.47878145039698	0.255044673928824	5.79812715794906	6.70595978120678e-09	3.34283375760109e-07
AT5G11180	32.9966340176967	1.43086931969339	0.439863737190119	3.25298313708213	0.0011420027407364	0.0188274196959873
AT5G11210	94.2525997478267	1.3311529711887	0.28262849052453	4.70990369271766	2.47833871165918e-06	8.68077243754909e-05
AT5G12010	742.16990182769	0.783487360026638	0.094039532960636	8.33146800457418	7.98460173820687e-17	7.2884550758368e-15
AT5G13210	204.891422649465	0.81406267372319	0.179728079162674	4.52941286367599	5.91478209476704e-06	0.000194119511001159
AT5G13700	200.013709085781	0.821746901612916	0.201145585990531	4.08533400107323	4.40134578012725e-05	0.00117032505825679
AT5G13740	1613.04431017983	1.55034385055617	0.0779796469248217	19.8813910000236	5.89759417751529e-88	2.64588661334228e-85
AT5G13910	322.467017240129	1.09194616339625	0.18941141010092	5.76494395355831	8.16849819176075e-09	4.03374596888682e-07
AT5G16570	203.949977306504	1.27473084344641	0.171318332166177	7.44071476372966	1.00141966359669e-13	7.84978997271367e-12
AT5G16900	407.286143408213	0.688610754104898	0.139290056217279	4.9437179710139	7.66465637002076e-07	2.92552527848023e-05
AT5G17165	26.1326280401996	3.02857065104693	0.554577565866363	5.46104068655515	4.73351539975126e-08	2.13727849505685e-06
AT5G17300	265.999217646704	0.627827085686776	0.202114620718718	3.10629227838257	0.00189449359099339	0.0281914550879933
AT5G19560	210.858740894636	2.46719059658206	0.190464896044725	12.9535187208603	2.24426411030995e-38	4.98132137157849e-36
AT5G19970	480.089712218619	1.56303142930762	0.196470923969798	7.9555355964422	1.78358230415772e-15	1.52261605123359e-13
AT5G21950	327.217794420075	1.74502716328447	0.152676979182551	11.4295368733881	2.97692294672956e-30	5.50626291708242e-28
AT5G22555	67.2192564471531	1.02072028282212	0.349912321682416	2.91707441999867	0.00353331458583308	0.0457076511391879
AT5G22630	2785.89035543476	0.627624755546053	0.0925695290683304	6.780036172408	1.20145797469177e-11	8.14596233258863e-10
AT5G22800	448.326238781393	0.788444377059832	0.11557430647669	6.82196935543673	8.98008256996649e-12	6.20832855968241e-10
AT5G22890	324.058463676407	1.29429543118189	0.152452057191056	8.48985218716898	2.06900084061846e-17	1.98304326024004e-15
AT5G23170	109.525665763942	1.44263759803399	0.238021064216606	6.06096608626685	1.35306362387883e-09	7.48837259136717e-08
AT5G23510	416.94734284979	0.552435758708194	0.123496034955389	4.4733076564584	7.70188384913312e-06	0.00024606351945882
AT5G23950	52.8764426857255	1.16432421836289	0.397495923286983	2.92914757146396	0.00339893011191355	0.0442679680912965
AT5G23955	57.0677861985223	1.63359172606658	0.336589369003894	4.85336697026721	1.21382776376996e-06	4.49031091699183e-05
AT5G24090	266.625684789761	0.661150892236534	0.187082944964414	3.53399874244173	0.000409323026096394	0.00808902092621233
AT5G24240	118.71161915811	0.712388827745415	0.232058035191489	3.06987356485014	0.00214149407022538	0.0311847679314726
AT5G24313	121.993088902186	0.678168304313052	0.233227354095929	2.90775628331363	0.00364031921396684	0.0468332952688863
AT5G24760	1511.25493984921	0.708263175731558	0.0788669593184077	8.98048031587099	2.69587281262575e-19	2.75947447218576e-17
AT5G25440	124.782352158859	0.829483869688003	0.271189738987246	3.05868456817614	0.00222311089666658	0.0320413645708212
AT5G25830	309.030687995861	0.573673032536032	0.15360004002795	3.73484949894312	0.000187827479212227	0.0041341651635376
AT5G26320	71.9875795603207	1.0844735784808	0.298511895675544	3.63293253699854	0.000280218300750137	0.00589688931099541
AT5G26820	414.913092930001	1.2254881054473	0.123667921050235	9.90950680693902	3.78509981106562e-23	4.86662284244693e-21
AT5G27920	1464.25158619359	1.10592932269265	0.125590564555058	8.80583128685445	1.29886295222424e-18	1.30418210526668e-16
AT5G35370	506.657355302282	0.500812830180031	0.126315427205086	3.96477960975352	7.34637895479896e-05	0.00183973570832412
AT5G35460	597.535876147399	0.547633476116391	0.174171253970907	3.14422422547331	0.00166527787380888	0.0255003988722833
AT5G35580	886.851712508155	0.75730921545594	0.164732332076996	4.59721055306845	4.28184859386878e-06	0.000145156044132342
AT5G35750	1463.64579310201	0.699483904507448	0.0749670782797479	9.33054776254247	1.05325156625992e-20	1.19402486699767e-18
AT5G36890	3027.35300642356	3.40110348953132	0.082730413453091	41.1106792239082	0	0
AT5G37600	3709.71698516825	0.766678071491274	0.0709288885146774	10.8091087784722	3.11683349874781e-27	4.97890539049972e-25
AT5G38210	219.223367783829	0.5075926441883	0.159245533600685	3.18748433762112	0.00143516230433093	0.0229430116369386
AT5G38820	980.032803574932	5.46166776298573	0.165106391403879	33.0796870826493	5.82378873809005e-240	7.22355349008039e-237
AT5G38900	112.547227977806	1.36930404452311	0.242304589255505	5.65116842702144	1.59360845828038e-08	7.68943431379866e-07
AT5G39000	57.0629831135213	1.48386652238107	0.328615625604925	4.51550810966315	6.31651292111732e-06	0.000205857792047419
AT5G40590	915.799230108425	1.69215261659862	0.117117374433161	14.4483482898119	2.56769731301554e-47	6.7678081927807e-45
AT5G40760	5110.53603922523	0.78111153509075	0.0512872932966815	15.2301181224803	2.23187915470929e-52	6.44676765153426e-50
AT5G41290	173.316783947245	1.08132383066388	0.221565736756437	4.88037476594386	1.05884434854934e-06	3.96568240382086e-05
AT5G41370	616.528351569252	0.515224364293806	0.157607556311015	3.26903339124863	0.00107915565472527	0.0179032857085264
AT5G41790	4117.77742225428	0.929042266176884	0.106738366215785	8.70392061556108	3.20611346768942e-18	3.18887304621223e-16
AT5G42010	269.303343507814	0.667746022639307	0.187152822201534	3.56791853194845	0.000359828337576707	0.00721230069024946
AT5G42830	426.82339410539	1.56112651303489	0.171892072542535	9.0820157668911	1.06582328977384e-19	1.12934421548599e-17
AT5G44920	513.289775083228	0.552119930558135	0.145839232627938	3.7858120932842	0.000153207416170287	0.00348117626871408
AT5G45070	2346.55784057806	3.18304536061126	0.0859173893554143	37.047743006296	1.95261778572123e-300	4.11728986297179e-297
AT5G45080	468.078710761881	1.97891026242419	0.121029935748784	16.3505850860874	4.30823382369824e-60	1.41942841260158e-57
AT5G45105	137.389125237401	6.99060559989293	0.625946752354184	11.1680515532692	5.84489428193072e-29	9.93914845393478e-27
AT5G46230	488.826926823274	0.902956703210565	0.123127310617847	7.33352087915812	2.24183536393032e-13	1.73791692955274e-11
AT5G47120	3422.07700709069	0.625026355236998	0.0731991585185158	8.53870956834698	1.35729048269653e-17	1.31283610633665e-15
AT5G47870	733.753258460286	1.06492056287637	0.104819180172125	10.1595963747059	3.00317115944046e-24	4.16188266015678e-22
AT5G47910	3959.49462298056	1.47966208357434	0.0875223918284383	16.9060974301842	4.05701070514543e-64	1.42576879547827e-61
AT5G48290	352.14298383808	0.626179402599805	0.143853581736713	4.35289406798273	1.34352077937045e-05	0.000407618405090724
AT5G48410	127.367154045354	0.778646727518751	0.212465263346281	3.6648189697235	0.000247513593744823	0.00529075687295612
AT5G48657	490.236401749833	1.87960005337433	0.149728406461586	12.5533964983229	3.80817811247194e-36	8.02992436795833e-34
AT5G48720	159.57322302015	0.874595162363245	0.24714618207294	3.53877674754096	0.000401985667997745	0.00796641898063951
AT5G48930	5520.61073073258	1.06207207122601	0.0968583940280487	10.9652042229655	5.61735914196417e-28	9.32658542263437e-26
AT5G50760	226.263478054056	1.56931549495316	0.191166961623822	8.20913552019128	2.22786664760592e-16	1.97381496350497e-14
AT5G51160	176.592097533179	1.12751917602807	0.185733443151469	6.07063088314451	1.27408728831727e-09	7.12610200569176e-08
AT5G51260	285.506443122168	0.502442169915754	0.138804008456968	3.61979582218998	0.000294835570345128	0.00613203453730122
AT5G51440	216.465861610767	0.933600957948429	0.222280047967369	4.20011137520305	2.66783715099342e-05	0.000743117756484113
AT5G51830	1460.18673126472	0.51587686257605	0.102236309681371	5.04592609204917	4.51329860362759e-07	1.78550495977657e-05
AT5G52830	342.389275054024	0.528112134527215	0.139936109394515	3.77395181852838	0.000160681806565071	0.00362014307936603
AT5G53110	264.575681466944	0.585312805876972	0.148288889484283	3.94711166772214	7.90996696449482e-05	0.00195762398372462
AT5G53450	1986.31489476332	2.42064714476787	0.0731958088611283	33.0708435692059	7.80464819205332e-240	9.14271176542424e-237
AT5G53590	684.290808739204	0.997399440441117	0.107550476534469	9.27377983417359	1.79663562908627e-20	1.96289424222347e-18
AT5G53850	2277.56579285362	1.1776269941817	0.0748627788117997	15.7304739801628	9.35084737702631e-56	2.81674239702824e-53
AT5G54530	88.9885014864708	1.38634405916621	0.251125486574762	5.52052313795514	3.37991881950558e-08	1.56635095006802e-06
AT5G54650	842.715873588085	0.51328913083277	0.101413780276142	5.06133515026382	4.16330623103135e-07	1.65719086658314e-05
AT5G54790	147.403645344135	1.39256799124204	0.233193967061049	5.97171534406577	2.34771905008022e-09	1.26608705601002e-07
AT5G54800	3738.59704325609	0.531701072465036	0.0739251101081167	7.19242854947952	6.36488781183616e-13	4.81039513979847e-11
AT5G55560	131.78515627625	0.702077897276721	0.223674458992584	3.13883802575777	0.00169619177053307	0.0259318336695098
AT5G56160	286.904777240142	0.592282718348185	0.172098975218617	3.44152379522196	0.000578447592632035	0.0107274810362701
AT5G56200	48.3893827408851	1.8139633722951	0.353191970333524	5.13591339741431	2.80776942655758e-07	1.16087502212535e-05
AT5G56660	750.648234747999	0.50197116802846	0.108009668116527	4.64746514623955	3.36038849129285e-06	0.000115779659685296
AT5G58510	612.751374094109	1.10506726161691	0.13769388581838	8.02553617431136	1.01083463125689e-15	8.77138231879948e-14
AT5G58610	70.1368731650954	0.874567456300287	0.294809325742896	2.96655288667157	0.00301158561056923	0.0406024898877639
AT5G58620	1943.92319074428	0.809315688879114	0.0848599109121811	9.53707917177347	1.46911678440497e-21	1.7114804704952e-19
AT5G58800	380.180621584642	0.613366589516846	0.183047972245733	3.35085159366546	0.000805634652761584	0.0140625929537506
AT5G59480	517.908467034409	0.509465660458202	0.121021455793716	4.20971353481815	2.55694680355949e-05	0.000717919844205797
AT5G60100	201.268533325685	0.845369848274309	0.171612118939628	4.92604982385716	8.39086105199375e-07	3.17647569375835e-05
AT5G60280	390.23514242335	0.935266668863656	0.151673403843327	6.16631950733927	6.98977811518829e-10	3.99421304435936e-08
AT5G61250	643.692830011769	1.48418673244412	0.113047079247035	13.1289259512917	2.24822583244292e-39	5.09742902181629e-37
AT5G61260	263.42093159315	0.704762616072856	0.167332926621722	4.21173901814354	2.53412223701858e-05	0.00071246001986365
AT5G61430	144.343869038027	0.583392762481963	0.197228145608468	2.95795897021765	0.00309683341174216	0.0414865497585739
AT5G62420	195.626382066882	2.28091807025465	0.215936312819244	10.562920337368	4.42671670382796e-26	6.66726774406545e-24
AT5G62480	601.340759998514	0.969090802940108	0.102394449876806	9.46429034099064	2.95561141609583e-21	3.42428694064817e-19
AT5G66052	376.96969354242	0.85450775606803	0.133528314173118	6.3994498946506	1.55937740842231e-10	9.69941947905392e-09
AT5G66120	2876.66496513951	0.890072123756285	0.0886741441752859	10.0375609151281	1.04219261965245e-23	1.39086541632858e-21
AT5G66300	44.5929896839346	1.23980159729231	0.371823080364696	3.33438579465339	0.00085487997684022	0.014775409173486
AT5G66490	335.526610447379	0.799926247980761	0.131881436901208	6.06549539325982	1.31547541161826e-09	7.31876372806932e-08
AT5G66815	179.606295904644	0.665266628897801	0.206556672847507	3.22074624715196	0.0012785729960299	0.0207225136005277
AT5G66985	959.406354795024	0.9601695201205	0.155428806255898	6.17755191749769	6.5103170423473e-10	3.75072527745725e-08
AT5G67330	1419.52972030686	1.33599729091663	0.0747869103849677	17.8640524663949	2.24715537783341e-71	8.46134255303487e-69
AT5G67370	342.212106874699	3.36868231592798	0.169054980465092	19.9265487870295	2.39520254220804e-88	1.09794001749997e-85
AT5G67400	1293.03160574998	0.51853815213321	0.153749998701044	3.37260589602652	0.000744604471853207	0.0131717532663563
MSTRG.1928	344.556027533678	7.44239190857463	0.454754256922747	16.3657443449483	3.35895687642285e-60	1.12423753486115e-57
MSTRG.19924	237.644961961353	0.837016461838664	0.199390079750487	4.19788418203198	2.69420349905425e-05	0.000747499670803394
MSTRG.25609	36.8015158566461	1.8883069044346	0.482079700190077	3.91700149101915	8.96571944886979e-05	0.00217550242000999
MSTRG.32661	242.26519355259	0.686377662888172	0.156199138146632	4.39424743972553	1.11157149155307e-05	0.000343171251403924
MSTRG.37147	23.4485870187149	3.85429400697227	0.752100808167445	5.12470398265303	2.98005566273423e-07	1.22490163166499e-05
MSTRG.39745	114.058152531445	0.742799075864686	0.224808491504117	3.30414154240736	0.000952677200123126	0.0161740349772917
MSTRG.5237	378.789799428941	0.650811123870039	0.213390890421926	3.04985429595062	0.00228952410429178	0.0327079303950518
MSTRG.5822	929.186606671029	0.926459569439993	0.147576130843915	6.27784157330882	3.43305457299783e-10	2.0623757471861e-08
MSTRG.5938	172.877190827078	4.13689317547348	0.295077279722899	14.0196940250986	1.18122830180956e-44	2.93027999670075e-42
MSTRG.7956	37.4250943782805	1.51789900777371	0.433363263928307	3.50260193726254	0.000460737447739644	0.0088966207170679
MSTRG.8894	677.479111499731	0.814344926899338	0.113405656193656	7.18081402843553	6.92975625904998e-13	5.21860144565457e-11
